total_enrollment,women_proportion,Foreign_proportion,early_career_pay,stem_percent,net_cost,type,in_state_total,out_of_state_total
3154,0.5478757133798351,0,44400,3,9163,Public,18222,29238
5519,0.6214894002536692,0.023554992,39800,16,10795,Public,16490,24818
3639,0.6581478428139599,0.015938445,40900,19,12687,Public,16752,16752
3418,0.4631363370392042,0.2126974839087185,47600,7,15494,Private,38366,38366
18026,0.5533118828359037,0.011982692,46600,9,5559,Public,15518,30325
12002,0.557323779,0.037410432,45000,7,8671,Public,16938,23718
25912,0.4939024390243902,0.05507101,54400,31,11380,Public,24608,43856
5057,0.6393118449673719,0.045283765,45000,12,9611,Public,17268,29028
7988,0.6233099649474211,0.018903355,47000,10,5605,Public,20398,39436
10111,0.6042923548610424,0.004252794,44200,10,8510,Public,19111,35167
3049,0.4280091833387996,0.2997704165300098,72000,0,18789,Private,67416,67416
2957,0.5847142374027731,0.008116334,47800,2,17951,Private,38240,38240
20655,0.6070200919874122,0.038392641,45600,7,9038,Public,20130,36702
2573,0.998056743,0.074621065,59200,19,10190,Private,72257,72257
8518,0.6561399389528059,0.066917117,47400,12,16578,Private,40950,40950
16263,0.5627498001598721,0.042058661,55500,16,21454,Private,58322,58322
4114,0.6842489061740399,0.020661157,41200,2,21438,Private,33800,33800
3609,0.6733167082294265,0.013300083,49000,11,18411,Private,54450,54450
9879,0.5318352059925093,0.029355198,49400,23,10704,Private,18120,18120
7244,0.6181667586968526,0.01256212,47300,3,26120,Private,46430,46430
2444,0.5008183306055647,0,38100,19,15657,Private,22800,22800
2138,0.5257249766136576,0.031805426,48700,13,18057,Private,39830,39830
5565,0.4285714285714285,0.2122192273135669,66600,7,19429,Private,66200,66200
2177,0.6132292145153881,0.008727607,44900,21,16166,Private,49326,49326
4489,0.649587881,0.016261974,40400,11,12382,Public,15711,18756
2004,0.6377245508982036,0.03493014,48400,17,15734,Private,41500,41500
22227,0.5452827642056958,0.036712107,50100,14,10816,Public,18386,34468
14317,0.5453656492281903,0.097855696,63600,13,15564,Private,69942,69942
32112,0.5843609865470852,0.1996761335326357,61400,25,26951,Private,69668,69668
5695,0.6291483757682177,0.041088674,50300,11,9568,Public,19137,29777
5300,0.5043396226415094,0.073018868,55600,38,14732,Private,44380,44380
5945,0.5429772918418839,0.2328006728343145,60600,29,12754,Private,70835,70835
9181,0.5099662346149657,0.1676287986058163,68200,43,5404,Private,70326,70326
3462,0.414789139,0.080589255,60500,8,26973,Private,59675,59675
3624,0.5195916114790287,0.061258278,66700,40,15692,Private,69754,69754
4848,0.593440594,0.028671617,51800,9,21603,Private,54950,54950
2209,0.3073789044816659,0.2729741964689905,84100,97,6444,Private,67887,67887
3993,0.5537190082644629,0.1064362634610568,50200,23,17538,Private,44800,44800
5537,0.6053819757991692,0.047498645,43900,14,7385,Public,11902,21322
6101,0.528601869,0.019832814,46300,8,20029,Private,43930,43930
3427,0.5795156113218558,0.065946892,37600,7,12737,Private,33400,33400
3811,0.6436630805562844,0.031750197,47000,2,18118,Private,38438,38438
2057,0.5279533300923676,0.09577054,58800,45,10770,Private,68844,68844
12587,0.3799157861285453,0.3829347739731469,75900,66,20372,Private,69883,69883
3446,0.654962275,0.015670342,45600,14,17163,Private,41402,41402
2362,0.5952582557154953,0.047417443,42700,5,15746,Private,36710,36710
2948,0.5396879240162822,0.005427408,48900,17,21145,Private,55540,55540
10771,0.4994893696035651,0.1877263021075109,66600,37,19976,Private,64232,64232
12037,0.5013707734485336,0.016864667,53100,15,12542,Public,22792,34032
26879,0.5694780311767551,0.041296179,47700,13,9965,Public,23036,23036
11799,0.520976354,0.008729553,52700,13,8907,Public,19187,34168
3033,0.58193208,0.018133861,42300,3,7330,Public,14576,14576
2756,0.6538461538461539,0.021407837,45400,3,15705,Private,39004,39004
3585,0.4170153417015341,0.009762901,51100,14,24723,Private,56364,56364
3367,0.6225126225126225,0.007128007,42800,9,14015,Private,35700,35700
5221,0.5740279639915725,0.002681479,50800,25,14370,Public,26214,38680
3485,0.7383070301291248,0.036441894,46300,15,28203,Private,32960,32960
3423,0.5685071574642127,0.2474437627811861,52600,14,16851,Private,54900,54900
3873,0.305706171,0.082365092,66400,58,15359,Private,64352,64352
21857,0.4648396394747678,0.071784783,57500,39,6666,Public,25802,47556
16936,0.5497756258856873,0.085203118,48300,20,15135,Public,24185,28552
9976,0.5508219727345629,0.0138332,44700,14,11263,Public,20726,35838
2888,0.5436288088642659,0.087257618,68400,26,8864,Private,69865,69865
11456,0.6397520949720671,0.014664804,47300,20,11180,Public,24904,44086
2787,0.4901327592393254,0.01435235,61800,24,10741,Private,67290,67290
5787,0.6372904786590634,0.001209608,46800,2,19993,Private,43712,43712
2067,0.5370101596516691,0.06918239,53100,23,12429,Private,67982,67982
9116,0.5401491882404563,0.005704256,47800,7,13895,Public,20168,33365
5962,0.2831264676283127,0.1147266018114726,75600,93,19089,Public,32133,51753
8192,0.59765625,0.014038086,43300,10,9965,Public,17080,30562
21679,0.4846625766871165,0.2022233497855067,70100,43,9980,Private,70004,70004
8236,0.5724866440019427,0.02379796,53500,9,19205,Private,50952,50952
3047,0.44765343,0.038070233,48400,53,10254,Public,16149,19122
6298,0.4711019371228961,0.153064465,71500,35,8094,Private,71209,71209
23799,0.5315349384427918,0.058027648,55700,15,19812,Private,54210,54210
2215,0.5422121896162528,0.093905192,56600,24,14723,Private,62724,62724
4397,0.6277007050261542,0.049124403,46300,10,17872,Public,20058,29094
3614,0.6209186496956282,0.03071389,40800,5,6632,Public,14968,14968
2278,0.5763827919227392,0.072431958,54400,22,41577,Private,64670,64670
2364,0.5807952622673435,0.085871404,55800,25,14932,Private,68359,68359
5062,0.5875148162781509,0.055511655,52800,7,21139,Private,51924,51924
2113,0.5901561760530052,0.085186938,52800,16,18085,Private,53608,53608
26359,0.5247922910580827,0.1251564930384309,61700,28,26049,Private,67358,67358
4215,0.6045077105575326,0.046500593,42600,12,13659,Private,36461,36461
15856,0.4976664984863774,0.1828329969727548,71100,26,3813,Private,70873,70873
27511,0.59797899,0.009159972,48400,11,8961,Public,16794,33071
14434,0.5798115560482194,0.033809062,43700,8,12568,Public,17749,36931
5287,0.5292226215244941,0.010402875,49200,14,13169,Public,24916,36156
16305,0.5748543391597669,0.018215271,45600,5,8357,Public,18314,28092
22401,0.5964912280701754,0.033703853,47300,6,11588,Public,23813,23813
3653,0.6408431426225021,0.01368738,44000,5,10894,Public,18719,30779
13453,0.5561584776629748,0.030030476,49500,17,7461,Public,20116,37237
2083,0.6207393182909265,0.042726836,49200,25,18204,Private,57128,57128
2980,0.7204697986577181,0.041946309,49500,5,14972,Private,40520,40520
6483,0.5947863643374981,0.016504705,53600,7,19047,Private,47549,47549
14769,0.565305708,0.1595910352765928,62000,20,17035,Private,65762,65762
6114,0.6277396140006543,0.090121034,43500,9,8949,Public,15670,29587
5123,0.6014054265079055,0.066367363,62300,17,21409,Private,63060,63060
4035,0.5588599752168525,0.026270136,42900,7,8571,Public,16518,25328
3335,0.6002998500749626,0.014692654,39400,2,17140,Private,29440,29440
14600,0.5304109589041096,0.030068493,50000,8,9294,Public,22524,22524
30297,0.5702544806416477,0.024358847,49400,15,8003,Public,17935,33491
6393,0.3300484905365243,0.351008916,58300,48,25237,Private,54730,54730
49610,0.5595041322314049,0.072949002,49600,16,8811,Public,17440,29838
41226,0.549289283,0.045481007,50800,18,10676,Public,17332,32499
15231,0.5845315475018056,0.124876896,58700,10,21699,Private,70656,70656
13825,0.6052079566003616,0.2576491862567812,45100,6,8021,Public,13433,23501
3791,0.4869427591664468,0.01398048,48300,19,9777,Public,18918,29574
3944,0.702079108,0.015973631,42900,18,13607,Public,19108,29492
2275,0.5626373626373626,0.023736264,47800,3,22857,Private,50245,50245
5645,0.5241806908768822,0.021789194,49600,19,13511,Public,19374,33094
3786,0.5641838351822503,0.042789223,51200,8,17979,Private,47270,47270
33729,0.5373121053099706,0.063328293,58900,23,12120,Public,23922,47382
20517,0.522298582,0.017400205,49000,17,13791,Public,17492,30974
32556,0.5899987713478314,0.046258754,50600,18,12475,Public,22236,40810
2447,0.5247241520228851,0.037597058,58400,24,10802,Private,67490,67490
2012,0.4319085487077534,0.635685885,49800,25,19726,Private,30700,30700
7352,0.5644722524483133,0.059983678,57800,19,17726,Private,55154,55154
2120,0.7084905660377359,0.011792453,49400,11,18014,Private,58806,58806
4504,0.622113677,0.035968028,43100,10,12672,Public,14627,23650
2457,0.5421245421245421,0.026455026,51200,22,13822,Private,55310,55310
4469,0.619825464,0.017677333,48100,5,15936,Private,51656,51656
4393,0.6505804689278397,0.013885727,52700,12,20397,Private,38480,38480
6059,0.5730318534411619,0.055784783,49200,10,11525,Private,27179,27179
5827,0.5666723871632058,0.1419255191350609,52200,15,22711,Private,40780,40780
3627,0.5679625034463744,0.010476978,42900,5,8277,Public,15940,17590
4399,0.6017276653784951,0.014776085,48600,8,24821,Private,49248,49248
10953,0.5604857116771661,0.097872729,57300,7,26828,Private,62708,62708
2365,0.6350951374207188,0.065539112,47900,32,11807,Private,52192,52192
3455,0.6034732272069464,0.024602026,49200,18,14262,Private,44320,44320
3415,0.5546120058565154,0.026354319,43300,1,15129,Private,28010,28010
13429,0.5185791942810336,0.1011244321989723,50800,12,12829,Public,14627,30147
7898,0.3556596606735882,0.4832869080779944,64600,64,10434,Private,60058,60058
20615,0.5602231384913897,0.020616056,51200,10,10897,Public,24366,35890
13183,0.5507092467571872,0.075703558,47900,8,7640,Public,19680,30426
34435,0.4398141425874837,0.1155800784085959,56100,31,8559,Public,17708,32112
9508,0.6462978544383677,0.029028187,41700,16,12616,Public,17778,29006
8659,0.5748931747314933,0.02436771,43800,7,13592,Public,18525,28245
4085,0.6643818849449205,0.032313341,50100,5,24277,Private,50750,50750
20855,0.5959242387916567,0.023735315,57400,12,9727,Public,22108,38508
2850,0.5803508771929825,0.037894737,47000,9,11807,Private,36152,36152
3688,0.5070498915401301,0.023318872,51600,16,15284,Private,53214,53214
21372,0.5197922515440764,0.1763990267639902,67200,31,12168,Private,70076,70076
24766,0.4932568844383428,0.090729226,52500,18,12087,Public,19943,35447
14359,0.6291524479420573,0.013580333,48200,10,15740,Public,26818,33853
4957,0.571111559,0.00040347,48900,8,13364,Public,25238,34202
25714,0.5807342303803376,0.021311348,52500,22,14750,Public,18899,32625
2079,0.18999519,0.064935065,69900,74,24013,Private,51730,51730
6242,0.6598846523550144,0.027395066,55800,5,21591,Private,45640,45640
2503,0.4686376348381941,0.078306033,66500,47,13682,Private,68520,68520
2407,0.5226422933111757,0.066057333,45900,14,6889,Public,21972,21972
14895,0.606310843,0.070560591,53300,16,15553,Public,19112,31562
2787,0.6889128094725512,0.012917115,42600,9,13504,Public,20800,30400
2482,0.6317485898468976,0.002014504,46500,8,9017,Public,15426,22776
4015,0.2545454545454545,0.058032379,57900,60,23182,Private,43520,43520
2667,0.5148106486689163,0.043494563,56600,21,16175,Private,40180,40180
7119,0.446551482,0.1554993678887484,69500,52,15400,Private,66530,66530
2050,0.6248780487804878,0.01804878,46400,7,16225,Private,48910,48910
3504,0.6004566210045662,0.067636986,50000,12,15761,Private,63424,63424
6689,0.5993422036178802,0.013903424,49700,14,13154,Private,43028,43028
4304,0.6064126394052045,0.026022305,44900,5,11503,Public,14198,26816
3214,0.560360921,0.033914126,42100,10,22523,Private,35765,35765
12151,0.5868652785778948,0.098016624,45100,9,20220,Private,26600,26600
2641,0.6134040136312003,0.001514578,35300,2,14397,Private,34235,34235
4489,0.6219648028514145,0.016039207,49000,12,17144,Private,44796,44796
5096,0.6815149136577708,0.008634223,47300,9,12984,Public,25086,41046
11225,0.4882850779510022,0.051046771,53100,24,5751,Public,16140,25053
9515,0.5841303205465055,0.071150815,58500,9,27017,Private,63012,63012
15902,0.6423720286756383,0.051943152,53400,15,22969,Private,58528,58528
5967,0.6143790849673203,0.008714597,59900,8,20672,Private,63515,63515
4330,0.6224018475750578,0.032101617,47900,4,19988,Private,53072,53072
2385,0.5618448637316562,0.061215933,48200,21,17248,Private,51750,51750
6935,0.6713770728190339,0.1182408074981975,65900,2,27364,Private,49105,49105
2073,0.6054027978774723,0.13555234,53600,31,11062,Private,66500,66500
3970,0.4511335012594458,0.034005038,64000,40,17219,Private,59680,59680
11745,0.5250744997871435,0.051426139,57800,25,19219,Private,54590,54590
13381,0.5853822584261266,0.031761453,45000,12,6064,Public,18578,29064
2262,0.717948718,0.1330680813439434,49000,0,28566,Private,61910,61910
3441,0.6832316187154897,0.091833769,52300,15,18781,Private,44656,44656
5931,0.7904232001348845,0.018715225,46800,2,19767,Private,38558,38558
11319,0.3733545366198427,0.2917218835586183,86300,69,4995,Private,67342,67342
3206,0.6375545851528385,0.010605115,51100,6,11215,Private,54690,54690
8237,0.6215855287119096,0.043826636,50200,13,5812,Public,16563,27638
8552,0.6199719363891487,0.039873714,48500,14,15550,Private,48510,48510
3337,0.522625112,0.05783638,56000,13,20296,Private,57605,57605
2461,0.4628199918732222,0.062576189,45800,9,26798,Private,46736,46736
50081,0.5145064994708572,0.1525927996645434,55300,20,6394,Public,24782,50087
7099,0.2629947879983096,0.1539653472320045,65000,81,9821,Public,26402,44482
2688,0.6447172619047619,0.004464286,40700,0,19691,Private,26370,26370
22729,0.542346782,0.040828897,46500,9,5752,Public,18642,37800
2533,0.5175681010659298,0.1073825503355704,60400,19,8846,Private,69980,69980
2810,0.2405693950177936,0.1217081850533807,65700,69,19034,Private,51138,51138
3410,0.6064516129032258,0.1205278592375366,44500,7,9457,Public,13674,13674
4984,0.5941011235955056,0.078250401,45200,20,10940,Private,28326,28326
20138,0.4859469659350481,0.038732744,51100,27,13182,Public,18850,33450
2696,0.8130563798219584,0.020400593,39500,2,8761,Public,14464,14464
2222,0.5918091809180918,0,32500,11,10507,Public,14613,14613
8640,0.2261574074074074,0.1754629629629629,67300,80,11853,Public,20443,38773
6395,0.636903831,0.020797498,52200,13,15060,Private,52119,52119
2085,0.3247002398081535,0.1064748201438848,61200,61,10827,Public,17067,32230
20022,0.6320047947258016,0.027569673,50800,9,16097,Public,28354,36142
11052,0.6056822294607311,0.012757872,41300,9,8078,Public,19130,23606
2109,0.000474158,0.031294452,55700,26,24187,Private,41012,41012
2823,0.6840240878498052,0.016294722,44900,6,15826,Private,41140,41140
2440,0.5971311475409836,0.01147541,53400,20,15106,Private,64360,64360
11207,0.5863299723387169,0.073614705,44800,9,7565,Public,18274,33730
2083,0.6380220835333653,0.020643303,45700,8,18972,Private,43824,43824
2399,0.5927469779074614,0.03584827,45700,24,22943,Private,52136,52136
2922,0.3220396988364134,0.036618754,51700,14,28855,Private,43005,43005
8136,0.6339724680432645,0.017576205,48700,9,8164,Public,24789,34311
10646,0.2503287619763291,0.1693593838061243,64600,75,11452,Public,30938,46350
3546,0.6395939086294417,0.056119571,40400,4,9060,Public,14022,18174
2127,0.3215796897038082,0.070992008,64700,91,6355,Public,16280,30778
49274,0.5510614116978528,0.2332873320615334,63100,18,27274,Private,69984,69984
3687,0.6525630593978845,0.02278275,48000,11,17290,Private,39050,39050
6292,0.6311188811188811,0.022886205,44500,5,6256,Public,17920,19013
3043,0.5507722642129478,0.018402892,50400,9,15003,Private,49899,49899
8310,0.622864019,0.014681107,44500,7,5692,Public,14288,22358
19798,0.4931811294070108,0.2759369633296292,62500,40,18542,Private,68267,68267
27705,0.5889189676953619,0.044973831,49600,12,11442,Public,21846,36110
20611,0.5066226772111979,0.052884382,53000,20,15775,Public,23142,23142
15090,0.5601060304837641,0.031080186,49000,12,4640,Public,20054,29702
3531,0.6080430472953837,0.051543472,42300,7,10728,Public,16527,19500
6720,0.5349702380952381,0.1053571428571428,46900,26,7372,Public,19821,26473
2249,0.5838150289017341,0.023566029,46200,7,15998,Private,36700,36700
2166,0.5844875346260388,0.060941828,42200,11,5113,Public,11816,18933
21554,0.4690080727475179,0.1548204509603785,63400,20,15633,Private,71193,71193
3672,0.2028867102396514,0.011165577,57000,20,20150,Private,53856,53856
2764,0.8639652677279306,0.01121563,48300,3,16113,Private,48750,48750
24148,0.6972005963226768,0.040127547,50200,9,23046,Private,44150,44150
20519,0.5812661435742482,0.031677957,51300,19,13165,Public,22706,34330
2978,0.5530557421087978,0.073203492,53100,21,10914,Private,71392,71392
3695,0.5112313937753721,0.062787551,54400,22,18400,Private,43910,43910
2475,0.4618181818181818,0,49700,41,14847,Private,30950,30950
3035,0.58583196,0.1637561779242174,47700,9,22677,Private,39922,39922
24932,0.550216589,0.032889459,50200,19,9244,Public,22492,41392
3481,0.5619074978454467,0.076702097,45900,8,14826,Private,37178,37178
4260,0.4629107981220657,0.010093897,61200,27,10201,Public,19045,37114
28886,0.4645849200304646,0.1108495464931108,56200,34,13506,Public,24021,42996
3242,0.6320172732880938,0.049969155,54500,20,18548,Private,52856,52856
3640,0.6337912087912088,0.037637363,50200,8,19516,Private,56826,56826
10792,0.4779466271312083,0.01352854,48500,7,9964,Private,20850,20850
2499,0.5990396158463386,0,42600,6,9786,Public,15462,15492
7479,0.5063511164594197,0.073271828,47100,8,8576,Public,15076,26420
4855,0.5198764160659114,0.025952626,47000,6,7514,Public,25199,33869
27696,0.5347703639514731,0.084091566,50800,16,10738,Public,19533,37488
8088,0.4536350148367952,0.2091988130563798,75200,48,8322,Private,65620,65620
4533,0.5587910875799691,0.021398632,58900,11,20806,Private,65090,65090
2248,0.702846975,0.059163701,49400,9,19761,Private,45544,45544
9035,0.616934145,0.022246818,55900,10,29248,Private,62500,62500
9798,0.5760359256991223,0.008573178,48900,10,10023,Public,20616,32251
6003,0.5595535565550558,0.016158587,51600,12,8809,Public,26824,36165
9208,0.6335794960903562,0.011728931,55500,13,18114,Private,48370,48370
6835,0.3040234089246525,0.1676664228237015,71300,78,24154,Private,69140,69140
8641,0.6898507117231801,0.00173591,47200,5,5779,Public,20758,33521
2449,0.6643527970600245,0.2944058799510004,55500,0,26136,Private,64360,64360
2054,0.5788704965920156,0.02872444,51900,25,19731,Private,59293,59293
6621,0.4302975381362331,0.2353118864219906,71000,45,6841,Private,61350,61350
5294,0.601435587,0.041367586,51600,5,19438,Private,56010,56010
2050,0.5965853658536585,0.028780488,48500,18,20584,Private,57720,57720
3002,0.5786142571618921,0.010992672,54000,11,14709,Private,47790,47790
4884,0.5057330057330057,0.0497543,52900,12,29661,Private,50412,50412
4030,0.6248138957816377,0.013895782,41400,11,9444,Public,15486,23826
3207,0.5862176488930465,0.069223573,49000,7,22856,Private,64495,64495
2388,0.2248743718592964,0.1210217755443886,75000,96,26623,Private,64637,64637
14778,0.5027743943700095,0.010556232,51100,21,21150,Public,26249,34891
7781,0.6667523454568821,0.045495438,55000,15,30555,Private,56730,56730
9829,0.5904975073761318,0.064299522,46400,12,10957,Public,20494,34401
2933,0.709853392,0,46900,2,17845,Private,49330,49330
17052,0.5866760497302369,0.057060755,54200,13,23882,Private,56174,56174
4112,0.6077334630350194,0.018725681,59900,5,26092,Private,62650,62650
2618,0.5897631779984721,0.046982429,52900,18,20413,Private,57595,57595
3302,0.6141732283464567,0.02241066,52900,14,11786,Private,52900,52900
4073,0.6881905229560521,0.003191751,49400,10,14091,Private,45220,45220
8770,0.585860889,0.017559863,50400,12,9118,Public,21774,31476
2739,0.6827309236947792,0.018985031,53000,6,23047,Private,55050,55050
4933,0.6247719440502737,0.031015609,48400,3,14826,Private,42200,42200
32713,0.4963775868920612,0.1094366154128328,63000,28,12596,Public,24238,33742
9015,0.5003882418191903,0.1345535219079312,69900,29,27218,Private,66621,66621
11347,0.6437824975764519,0.1937957169295849,46800,3,28819,Private,51180,51180
4217,0.676547309,0.036755988,53600,9,20405,Private,54735,54735
7273,0.5976900866217517,0.091159082,60600,12,22727,Private,56898,56898
9627,0.5860600394723174,0.042276929,57100,8,21075,Private,58270,58270
3693,0.6404007581911725,0.048470079,48700,7,20904,Private,42900,42900
4041,0.5944073249195744,0.00494927,47100,12,9246,Public,18048,28548
2989,0.9792572766811642,0.1298093007694881,52700,26,13638,Private,69924,69924
3331,0.5565896127289103,0.001501051,44500,16,16942,Public,20950,31640
2798,0.2205146533238027,0.055039314,66500,92,12341,Public,18219,22461
12543,0.5344813840389062,0.05580802,50500,18,11317,Public,16660,20024
12087,0.5730950608091337,0.08778026,43700,9,8471,Public,16353,22090
14487,0.621660799,0.016635604,46700,8,6907,Public,16585,29063
3878,0.5420319752449716,0.025012893,45000,15,7491,Public,13720,22360
3175,0.5763779527559055,0.050393701,47500,9,16204,Private,28890,28890
10825,0.6365819861431871,0.004896074,48500,6,10152,Public,23735,34975
11272,0.4795067423704755,0.1315649396735273,59700,22,18001,Private,71338,71338
2254,0.5217391304347826,0.031943212,46100,5,11639,Private,33684,33684
43274,0.6075934741415169,0.028908814,47400,8,24197,Private,44256,44256
5954,0.5829694323144105,0.025193147,46000,6,10231,Public,22853,38783
2103,0.7622444127436995,0,40100,13,6548,Public,18411,20200
4994,0.5865038045654786,0.03504205,47900,5,7927,Public,12865,19765
2311,0.7347468628299437,0.003461705,44800,0,14502,Private,32100,32100
2135,1,0.01498829,50200,24,28665,Private,43179,43179
3712,0.5285560344827587,0.091594828,52900,17,14748,Private,40920,40920
16963,0.4146672168838059,0.2286741732004951,79000,51,4501,Private,67117,67117
4137,0.5622431713802272,0.051003142,47000,7,17819,Private,59082,59082
6125,0.2837551020408163,0.3095510204081633,75100,79,19347,Private,67446,67446
4322,0.6640444238778344,0.006015733,50400,15,16521,Private,49312,49312
8570,0.609218203,0.003500583,47400,16,16678,Public,26021,33148
2284,0.5923817863397548,0.007880911,55900,18,23080,Private,58746,58746
2146,0.5643056849953402,0.047064306,48700,16,18622,Private,43728,43728
9027,0.6102802703002105,0.097263764,47200,14,7821,Public,15814,29170
11339,0.4455419349148955,0.1101508069494664,53100,28,9163,Public,18839,35495
10033,0.592046247,0.051928636,56000,9,18908,Private,59754,59754
35158,0.4594117981682689,0.079782695,56800,22,14881,Public,20575,33025
22285,0.6198339690374691,0.024411039,51200,15,8250,Public,22974,36242
2606,0.6020721412125863,0.008058327,45300,5,18611,Private,33998,33998
2831,0.4214058636524196,0.053338043,55100,26,17936,Private,42985,42985
2432,0.53125,0.069078947,54900,27,13993,Private,56440,56440
19041,0.6274880520981041,0.034241899,44500,8,11235,Public,20645,31060
6248,0.6006722151088348,0.064180538,47900,16,6906,Public,16509,23361
10907,0.5446960667461264,0.1078206656275786,65200,25,10742,Private,70942,70942
3103,0.5978085723493394,0.006445375,54500,30,25876,Private,31820,31820
18698,0.6037009305808108,0.035565301,48600,17,12457,Public,17110,31030
42236,0.5183019225305426,0.087508287,56100,23,10664,Public,25037,48936
11645,0.595276943,0.041219407,45600,13,9293,Public,17896,30136
3854,0.5973015049299429,0.004411002,43500,2,9582,Public,14520,20370
2513,0.5407879029048945,0.013529646,40500,22,8826,Public,15723,21975
5191,0.6097091119244847,0.240994028,49900,31,22344,Private,46710,46710
11698,0.6108736536160028,0.049153701,44900,8,8879,Public,15605,22128
60767,0.5509898464627182,0.024931295,49700,16,9318,Public,15985,32084
13379,0.5343448688242769,0.1419388594065326,46900,45,11280,Public,16439,23208
16840,0.5906769596199525,0.08847981,45300,8,9099,Public,15458,26346
2111,0.5490288962576978,0.063003316,44600,4,12042,Private,40080,40080
15097,0.4200172219646287,0.2153407961846724,64000,22,13267,Private,74580,74580
26541,0.5033344636599978,0.1017293997965412,59100,24,9312,Public,28604,50972
2548,0.4689952904238618,0.1149921507064364,53000,16,24484,Private,53052,53052
11343,0.4770342942784096,0.1565723353610156,57400,33,21294,Private,56480,56480
22680,0.5624779541446208,0.088580247,58600,22,10463,Public,26542,47172
11809,0.5630451350664747,0.1068676433228893,55700,12,23986,Private,63561,63561
4945,0.5967644084934277,0.1164812942366026,51800,13,22174,Private,37496,37496
2121,0.4389438943894389,0.027817067,44200,7,11972,Private,44040,44040
2567,0.5633034670821971,0.1266069341643942,50300,17,14431,Private,48876,48876
49459,0.5422673325380618,0.086839605,55800,29,7061,Public,16501,38778
35197,0.5760718243032077,0.04940762,54400,14,8122,Public,21868,40442
6817,0.5134223265365997,0.070998973,55200,15,24363,Private,53170,53170
3924,0.6060142711518859,0.042303772,44000,14,8239,Public,19126,32086
40914,0.4933274673705822,0.098377084,56000,24,9648,Public,22776,38226
11702,0.4684669287301316,0.061015211,52300,22,11184,Public,16744,34380
27969,0.536665594,0.092817047,56300,31,9813,Public,25838,39054
45140,0.4490695613646433,0.2206690296854231,62600,36,8626,Public,26402,42972
5442,0.6727306137449467,0.077912532,47300,5,16627,Private,39976,39976
29970,0.5158825492158825,0.1238905572238905,54100,16,9132,Public,20439,42405
27180,0.5132450331125827,0.089624724,53000,16,12964,Public,21498,37708
29203,0.5280279423346916,0.059959593,51700,19,9472,Public,25227,42081
17195,0.5583599883687118,0.039139285,48200,19,3854,Public,19132,32860
8517,0.6394270282963485,0.031114242,48500,7,6986,Public,16584,28684
21561,0.5156532628356755,0.028616483,49500,18,8246,Public,20882,36504
11286,0.5098351940457203,0.048378522,52000,24,12363,Public,21588,41388
2809,0.6539693841224635,0.016731933,46400,3,10051,Private,25610,25610
21059,0.5969894107032623,0.029726008,47200,12,8960,Public,19676,31388
16674,0.511035145,0.1645675902602854,56200,22,22221,Private,64334,64334
22503,0.5610363062702751,0.035239746,48500,12,9512,Public,19356,35310
3070,0.6736156351791531,0.012703583,38900,7,10965,Public,22090,35110
2262,0.5013262599469496,0.027409372,48300,19,20600,Private,41460,41460
6429,0.7141079483589983,0.006999533,50100,7,24753,Private,51610,51610
6811,0.4899427396858024,0.1601820584348847,52100,25,23335,Private,55170,55170
9234,0.5142949967511371,0.066493394,49900,23,7670,Public,19629,24465
6841,0.5801783365005116,0.043999415,43000,6,9908,Public,19570,27880
29135,0.5656770207654024,0.054985413,55000,19,5376,Public,20177,46360
27238,0.4947866950583743,0.062155812,52500,25,8468,Public,18144,31578
14906,0.4737689520998255,0.066818731,53800,16,12580,Public,17669,29733
15984,0.5616241241241241,0.023148148,48800,11,4372,Public,16370,30088
16064,0.5554656374501992,0.014193227,47300,8,8291,Public,15212,29024
12050,0.6562655601659751,0.030705394,47700,7,13601,Public,20990,32678
11928,0.5822434607645876,0.052481556,47100,8,10179,Public,17886,28428
12179,0.4554561129813613,0.09779128,67000,28,15116,Private,68801,68801
24096,0.5227838645418327,0.1301045816733067,51800,13,11188,Public,24861,48441
24806,0.5267677174877046,0.1837861807627187,72800,21,7578,Private,71200,71200
2458,0.5138323840520749,0.017087063,39000,11,13594,Private,28750,28750
4143,0.5908761766835626,0.043688149,58500,28,31069,Private,59354,59354
2826,0.5898796886058033,0.003892427,54200,21,24246,Private,62316,62316
16571,0.5477641663146461,0.033673285,54500,18,11566,Public,27088,43812
4182,0.5425633668101387,0.088235294,59800,13,9098,Private,64860,64860
11060,0.5086799276672694,0.2359855334538879,61100,32,13878,Private,69864,69864
2565,0.890448343,0.009746589,49900,9,19103,Private,50601,50601
8349,0.5702479338842975,0.073182417,58900,12,20291,Private,62338,62338
10689,0.6290579100009356,0.160538872,60600,6,21683,Private,62896,62896
5589,0.5711218464841653,0.023438898,56400,12,21942,Private,59714,59714
15805,0.6137298323315407,0.042201835,47700,17,8972,Public,17490,27360
10061,0.6113706391014809,0.023456913,47500,8,12275,Public,17277,20641
42453,0.5208583610110004,0.2286999740889925,64500,23,14338,Private,71620,71620
8428,0.5934978642619838,0.008186996,46900,8,15924,Public,18970,32230
14792,0.6316928069226609,0.025351541,45100,11,11183,Public,18591,20591
20626,0.4991273150392708,0.081838456,51800,21,11569,Public,21229,30567
4682,0.4250320375907732,0.2616403246475865,58700,36,20590,Private,52625,52625
31515,0.445121371,0.088973505,54800,22,11555,Public,19484,39477
12856,0.5556938394523958,0.043014935,53200,22,10638,Public,30738,54978
3989,0.7021809977437954,0.035347205,42700,4,12054,Public,18156,26606
12206,0.6454202851056857,0.014337211,46700,9,9738,Public,18210,31692
4543,0.5216817081223861,0.021791768,46000,17,9430,Public,15555,23544
9394,0.4924419842452629,0.037364275,50400,14,9969,Public,16381,24347
12820,0.5195787831513261,0.06723869,52400,25,7490,Public,15720,27810
5736,0.6392956764295676,0.019525802,39800,8,14058,Private,32000,32000
11563,0.6123843293262994,0.024734066,43400,7,12557,Public,15586,29068
4507,0.5134235633459063,0.1371200355003328,53300,31,15082,Private,52120,52120
12686,0.535472174,0.094750118,65400,23,7364,Private,66050,66050
10735,0.5162552398695854,0.033348859,65100,23,16676,Private,67328,67328
30848,0.5790650933609959,0.054201245,49900,18,13672,Public,24918,45566
5025,0.5964179104477612,0.002587065,44900,14,10812,Public,20264,30784
2804,0.7293152639087018,0.013552068,46800,3,12906,Private,37030,37030
7788,0.5125834617360041,0.063045711,60700,13,20493,Private,69354,69354
6722,0.588664088,0.036298721,47000,4,11494,Public,17107,28177
28686,0.5134211810639336,0.06783797,55900,20,10973,Public,22979,37763
3470,0.5734870317002881,0.00518732,40600,11,7995,Public,14657,19967
27578,0.5587424758865762,0.082493292,50800,21,10801,Public,23774,38668
25954,0.5342529089928335,0.015527472,53900,8,7407,Public,12110,22864
16769,0.5643151052537421,0.021170016,46500,2,16846,Private,38950,38950
2323,0.9737408523461042,0.118381403,58900,34,9316,Private,70200,70200
4558,0.1943835015357613,0.060114085,62700,39,21765,Private,48140,48140
2694,0.6020786933927246,0.0155902,42500,6,10337,Public,17136,25076
2884,0.5533980582524272,0.008668516,41800,8,8493,Public,20059,27964
29175,0.4824678663239075,0.070197087,54400,22,6366,Public,19774,35868
10382,0.5630899633981892,0.026873435,44700,8,7423,Public,13902,17902
5952,0.5438508064516129,0.002016129,51700,6,15407,Public,23891,35131
20171,0.5805364136631798,0.071092162,45500,10,11995,Public,18945,34839
23914,0.5107468428535585,0.077527808,50900,16,12770,Public,22626,25516
3922,0.4490056093829678,0.028301887,56400,21,23112,Private,50394,50394
3557,0.6241214506606692,0.013775654,41700,4,9288,Public,15960,24367
6049,0.60687717,0.060671185,44500,5,12986,Public,19955,36830
2584,0.4322755417956656,0.004643963,44800,19,9182,Public,19749,31221
15060,0.5556440903054449,0.010424967,55000,16,8619,Public,19598,35010
2654,0.6032403918613414,0.028636021,49900,18,18979,Private,55136,55136
14995,0.5169723241080361,0.1175725241747249,48700,24,13166,Public,19523,28704
4912,0.615228013,0.041938111,55700,13,23553,Private,60394,60394
2780,0.5381294964028777,0.099640288,52200,14,21131,Private,62514,62514
3936,0.6697154471544715,0.024136179,41100,6,15520,Private,19410,19410
11048,0.5753982621288921,0.009956553,50500,7,9651,Public,24505,32705
2126,0.5084666039510819,0.089840075,67500,32,6186,Private,69950,69950
8684,0.6254030400736987,0.033279595,49700,10,12138,Public,18435,24358
6024,0.6869189907038512,0.033366534,44300,9,11670,Public,24902,39158
6381,0.311706629,0.2115655853314527,73600,86,22585,Private,65304,65304
2976,0.7254704301075269,0.032258065,46700,35,19566,Private,33535,33535
12336,0.4897049286640726,0.1939850843060959,70300,22,7852,Private,69430,69430
6348,0.5171707624448645,0.101291745,63500,11,18227,Private,55750,55750